county,county_norm,state,county_fips,year,param,aqs_mean
Alameda,alameda,06,001,2014,88101,8.503201527777778
Butte,butte,06,007,2014,88101,8.807407
Calaveras,calaveras,06,009,2014,88101,7.902212888888889
Colusa,colusa,06,011,2014,88101,6.798817333333333
Contra Costa,contra costa,06,013,2014,88101,8.558965944444445
Fresno,fresno,06,019,2014,88101,14.481616529411765
Humboldt,humboldt,06,023,2014,88101,6.793478076923078
Imperial,imperial,06,025,2014,88101,12.816378384615385
Inyo,inyo,06,027,2014,88101,7.899775529411763
Kern,kern,06,029,2014,88101,15.095503753846154
Kings,kings,06,031,2014,88101,16.18431535294118
Lake,lake,06,033,2014,88101,4.065574
Los Angeles,los angeles,06,037,2014,88101,13.962201277777776
Madera,madera,06,039,2014,88101,11.009963222222222
Marin,marin,06,041,2014,88101,10.771353555555557
Mendocino,mendocino,06,045,2014,88101,7.9488865
Merced,merced,06,047,2014,88101,11.090135294117646
Monterey,monterey,06,053,2014,88101,4.742090971428571
Napa,napa,06,055,2014,88101,11.954567555555556
Nevada,nevada,06,057,2014,88101,5.29565025
Orange,orange,06,059,2014,88101,11.97400825
Placer,placer,06,061,2014,88101,6.367577799999999
Plumas,plumas,06,063,2014,88101,14.017459500000001
Riverside,riverside,06,065,2014,88101,13.105877560975607
Sacramento,sacramento,06,067,2014,88101,8.16734258
San Benito,san benito,06,069,2014,88101,4.637751888888889
San Bernardino,san bernardino,06,071,2014,88101,12.6145505
San Diego,san diego,06,073,2014,88101,8.46373230909091
San Francisco,san francisco,06,075,2014,88101,7.643212666666666
San Joaquin,san joaquin,06,077,2014,88101,10.911770296296298
San Luis Obispo,san luis obispo,06,079,2014,88101,8.703836444444445
San Mateo,san mateo,06,081,2014,88101,7.116057555555555
Santa Barbara,santa barbara,06,083,2014,88101,8.136659740740741
Santa Clara,santa clara,06,085,2014,88101,7.83076137142857
Santa Cruz,santa cruz,06,087,2014,88101,8.609489250000001
Shasta,shasta,06,089,2014,88101,5.32236
Siskiyou,siskiyou,06,093,2014,88101,9.466950333333333
Solano,solano,06,095,2014,88101,9.933453777777778
Sonoma,sonoma,06,097,2014,88101,7.751758888888888
Stanislaus,stanislaus,06,099,2014,88101,11.808876730769233
Sutter,sutter,06,101,2014,88101,9.320382
Tulare,tulare,06,107,2014,88101,17.862097
Ventura,ventura,06,111,2014,88101,8.66137121794872
Yolo,yolo,06,113,2014,88101,5.885965
Alameda,alameda,06,001,2014,44201,0.034263812500000004
Amador,amador,06,005,2014,44201,0.04627075
Butte,butte,06,007,2014,44201,0.044863
Calaveras,calaveras,06,009,2014,44201,0.0450185
Colusa,colusa,06,011,2014,44201,0.03959825
Contra Costa,contra costa,06,013,2014,44201,0.0377285625
El Dorado,el dorado,06,017,2014,44201,0.05444508333333334
Fresno,fresno,06,019,2014,44201,0.05342870833333333
Glenn,glenn,06,021,2014,44201,0.042099
Humboldt,humboldt,06,023,2014,44201,0.02829325
Imperial,imperial,06,025,2014,44201,0.048458999999999995
Inyo,inyo,06,027,2014,44201,0.04848275
Kern,kern,06,029,2014,44201,0.0549584375
Kings,kings,06,031,2014,44201,0.0520175
Lake,lake,06,033,2014,44201,0.04176725
Los Angeles,los angeles,06,037,2014,44201,0.04757305357142857
Madera,madera,06,039,2014,44201,0.052937416666666674
Marin,marin,06,041,2014,44201,0.03186125
Mariposa,mariposa,06,043,2014,44201,0.055922625000000004
Mendocino,mendocino,06,045,2014,44201,0.03402375
Merced,merced,06,047,2014,44201,0.051456
Monterey,monterey,06,053,2014,44201,0.03638
Napa,napa,06,055,2014,44201,0.033616
Nevada,nevada,06,057,2014,44201,0.055313375
Orange,orange,06,059,2014,44201,0.04391325
Placer,placer,06,061,2014,44201,0.0452843
Riverside,riverside,06,065,2014,44201,0.05359392857142857
Sacramento,sacramento,06,067,2014,44201,0.04488360714285715
San Benito,san benito,06,069,2014,44201,0.04261237500000001
San Bernardino,san bernardino,06,071,2014,44201,0.055424229166666665
San Diego,san diego,06,073,2014,44201,0.04407665476190476
San Francisco,san francisco,06,075,2014,44201,0.02911275
San Joaquin,san joaquin,06,077,2014,44201,0.045365875
San Luis Obispo,san luis obispo,06,079,2014,44201,0.040988321428571416
San Mateo,san mateo,06,081,2014,44201,0.03203375
Santa Barbara,santa barbara,06,083,2014,44201,0.04084608333333333
Santa Clara,santa clara,06,085,2014,44201,0.039939
Santa Cruz,santa cruz,06,087,2014,44201,0.037283625
Shasta,shasta,06,089,2014,44201,0.0404830625
Siskiyou,siskiyou,06,093,2014,44201,0.039559500000000004
Solano,solano,06,095,2014,44201,0.037447666666666664
Sonoma,sonoma,06,097,2014,44201,0.034060875000000004
Stanislaus,stanislaus,06,099,2014,44201,0.048641500000000004
Sutter,sutter,06,101,2014,44201,0.047689999999999996
Tehama,tehama,06,103,2014,44201,0.049522625
Tulare,tulare,06,107,2014,44201,0.0545663125
Tuolumne,tuolumne,06,109,2014,44201,0.050521250000000004
Ventura,ventura,06,111,2014,44201,0.047917100000000004
Yolo,yolo,06,113,2014,44201,0.040027875000000004
Alameda,alameda,06,001,2019,88101,7.336209351851853
Butte,butte,06,007,2019,88101,7.15371994117647
Calaveras,calaveras,06,009,2019,88101,5.469810555555555
Colusa,colusa,06,011,2019,88101,6.549862222222222
Contra Costa,contra costa,06,013,2019,88101,6.96319773076923
Fresno,fresno,06,019,2019,88101,9.601779615384613
Humboldt,humboldt,06,023,2019,88101,6.78785
Imperial,imperial,06,025,2019,88101,9.08220425
Inyo,inyo,06,027,2019,88101,4.269823596774194
Kern,kern,06,029,2019,88101,9.670121479999999
Kings,kings,06,031,2019,88101,12.177889038461538
Lake,lake,06,033,2019,88101,3.141667
Los Angeles,los angeles,06,037,2019,88101,9.9802236
Madera,madera,06,039,2019,88101,9.303020235294117
Marin,marin,06,041,2019,88101,6.381717333333333
Mendocino,mendocino,06,045,2019,88101,5.657197333333333
Merced,merced,06,047,2019,88101,9.358471588235295
Mono,mono,06,051,2019,88101,5.4688037826086955
Monterey,monterey,06,053,2019,88101,4.728726342857143
Napa,napa,06,055,2019,88101,5.927666888888888
Nevada,nevada,06,057,2019,88101,5.3069961999999995
Orange,orange,06,059,2019,88101,8.557390519999998
Placer,placer,06,061,2019,88101,6.680973680000001
Plumas,plumas,06,063,2019,88101,10.296522000000001
Riverside,riverside,06,065,2019,88101,8.233784607692307
Sacramento,sacramento,06,067,2019,88101,6.7864050677966095
San Benito,san benito,06,069,2019,88101,4.923401111111112
San Bernardino,san bernardino,06,071,2019,88101,10.160088491525423
San Diego,san diego,06,073,2019,88101,9.596833533333333
San Francisco,san francisco,06,075,2019,88101,7.6735310000000005
San Joaquin,san joaquin,06,077,2019,88101,9.012435370370369
San Luis Obispo,san luis obispo,06,079,2019,88101,5.644706777777778
San Mateo,san mateo,06,081,2019,88101,7.011463
Santa Barbara,santa barbara,06,083,2019,88101,5.3266781666666665
Santa Clara,santa clara,06,085,2019,88101,7.5426622
Santa Cruz,santa cruz,06,087,2019,88101,5.6149404999999994
Shasta,shasta,06,089,2019,88101,6.628302
Siskiyou,siskiyou,06,093,2019,88101,5.826584814814816
Solano,solano,06,095,2019,88101,8.719103666666667
Sonoma,sonoma,06,097,2019,88101,5.681862222222222
Stanislaus,stanislaus,06,099,2019,88101,8.970359307692307
Sutter,sutter,06,101,2019,88101,8.450142
Tehama,tehama,06,103,2019,88101,5.433238333333334
Tulare,tulare,06,107,2019,88101,12.897345
Ventura,ventura,06,111,2019,88101,6.6522065
Yolo,yolo,06,113,2019,88101,7.715094
Alameda,alameda,06,001,2019,44201,0.032932800000000005
Amador,amador,06,005,2019,44201,0.04332775
Butte,butte,06,007,2019,44201,0.04358275
Calaveras,calaveras,06,009,2019,44201,0.04489475
Colusa,colusa,06,011,2019,44201,0.038061
Contra Costa,contra costa,06,013,2019,44201,0.0379266875
El Dorado,el dorado,06,017,2019,44201,0.04832324999999999
Fresno,fresno,06,019,2019,44201,0.04823657142857142
Glenn,glenn,06,021,2019,44201,0.04187575
Humboldt,humboldt,06,023,2019,44201,0.029123
Imperial,imperial,06,025,2019,44201,0.039069312499999995
Inyo,inyo,06,027,2019,44201,0.04615615
Kern,kern,06,029,2019,44201,0.05113009375
Kings,kings,06,031,2019,44201,0.046611375000000003
Lake,lake,06,033,2019,44201,0.03550249999999999
Los Angeles,los angeles,06,037,2019,44201,0.04714509615384616
Madera,madera,06,039,2019,44201,0.04673425
Marin,marin,06,041,2019,44201,0.033793
Mariposa,mariposa,06,043,2019,44201,0.052587499999999995
Mendocino,mendocino,06,045,2019,44201,0.032356249999999996
Merced,merced,06,047,2019,44201,0.045941749999999996
Monterey,monterey,06,053,2019,44201,0.03688958333333333
Napa,napa,06,055,2019,44201,0.0376425
Nevada,nevada,06,057,2019,44201,0.0484275
Orange,orange,06,059,2019,44201,0.04587533333333333
Placer,placer,06,061,2019,44201,0.04656400000000001
Riverside,riverside,06,065,2019,44201,0.05127995
Sacramento,sacramento,06,067,2019,44201,0.042279000000000004
San Benito,san benito,06,069,2019,44201,0.04106725
San Bernardino,san bernardino,06,071,2019,44201,0.055285520833333344
San Diego,san diego,06,073,2019,44201,0.0444240625
San Francisco,san francisco,06,075,2019,44201,0.0328115
San Joaquin,san joaquin,06,077,2019,44201,0.041327375
San Luis Obispo,san luis obispo,06,079,2019,44201,0.04036757142857143
San Mateo,san mateo,06,081,2019,44201,0.034014499999999996
Santa Barbara,santa barbara,06,083,2019,44201,0.03827846153846153
Santa Clara,santa clara,06,085,2019,44201,0.0385246875
Santa Cruz,santa cruz,06,087,2019,44201,0.036538
Shasta,shasta,06,089,2019,44201,0.040710625
Siskiyou,siskiyou,06,093,2019,44201,0.036206
Solano,solano,06,095,2019,44201,0.0372865
Sonoma,sonoma,06,097,2019,44201,0.03404425
Stanislaus,stanislaus,06,099,2019,44201,0.044027750000000004
Sutter,sutter,06,101,2019,44201,0.04388700000000001
Tehama,tehama,06,103,2019,44201,0.046404875
Tulare,tulare,06,107,2019,44201,0.05182975
Tuolumne,tuolumne,06,109,2019,44201,0.04754375
Ventura,ventura,06,111,2019,44201,0.0457017
Yolo,yolo,06,113,2019,44201,0.042255625000000005
Alameda,alameda,06,001,2021,88101,8.530536537037037
Butte,butte,06,007,2021,88101,11.129623666666667
Calaveras,calaveras,06,009,2021,88101,8.452659555555556
Colusa,colusa,06,011,2021,88101,11.238180368421054
Contra Costa,contra costa,06,013,2021,88101,8.086262884615385
Fresno,fresno,06,019,2021,88101,14.474998765432098
Humboldt,humboldt,06,023,2021,88101,6.92087
Imperial,imperial,06,025,2021,88101,8.444832253521124
Inyo,inyo,06,027,2021,88101,9.375637269230769
Kern,kern,06,029,2021,88101,15.344060913043476
Kings,kings,06,031,2021,88101,15.232079611111114
Lake,lake,06,033,2021,88101,5.944253000000001
Los Angeles,los angeles,06,037,2021,88101,12.186335285714286
Madera,madera,06,039,2021,88101,12.423604666666668
Marin,marin,06,041,2021,88101,7.043496333333334
Mendocino,mendocino,06,045,2021,88101,8.888771814814815
Merced,merced,06,047,2021,88101,11.22296938888889
Mono,mono,06,051,2021,88101,10.93328848979592
Monterey,monterey,06,053,2021,88101,5.4312523142857145
Napa,napa,06,055,2021,88101,7.228052777777778
Nevada,nevada,06,057,2021,88101,8.29095276744186
Orange,orange,06,059,2021,88101,10.566182340000001
Placer,placer,06,061,2021,88101,10.626013722222222
Plumas,plumas,06,063,2021,88101,14.342209000000002
Riverside,riverside,06,065,2021,88101,9.91915017177914
Sacramento,sacramento,06,067,2021,88101,9.594154833333333
San Benito,san benito,06,069,2021,88101,5.663863222222222
San Bernardino,san bernardino,06,071,2021,88101,12.581553973333333
San Diego,san diego,06,073,2021,88101,8.530885045454546
San Francisco,san francisco,06,075,2021,88101,7.217316111111111
San Joaquin,san joaquin,06,077,2021,88101,15.155204638888888
San Luis Obispo,san luis obispo,06,079,2021,88101,6.450569022222225
San Mateo,san mateo,06,081,2021,88101,6.060088666666667
Santa Barbara,santa barbara,06,083,2021,88101,6.188044361111111
Santa Clara,santa clara,06,085,2021,88101,8.529468657142857
Santa Cruz,santa cruz,06,087,2021,88101,5.288330333333334
Shasta,shasta,06,089,2021,88101,18.86087
Siskiyou,siskiyou,06,093,2021,88101,14.495953777777778
Solano,solano,06,095,2021,88101,8.65115961111111
Sonoma,sonoma,06,097,2021,88101,6.978815777777778
Stanislaus,stanislaus,06,099,2021,88101,14.006670999999999
Sutter,sutter,06,101,2021,88101,13.560683611111111
Tehama,tehama,06,103,2021,88101,10.975285666666666
Tulare,tulare,06,107,2021,88101,17.678766297297294
Ventura,ventura,06,111,2021,88101,7.359740092592595
Yolo,yolo,06,113,2021,88101,8.093421
Alameda,alameda,06,001,2021,44201,0.033002199999999995
Amador,amador,06,005,2021,44201,0.04187625
Butte,butte,06,007,2021,44201,0.043558625000000004
Calaveras,calaveras,06,009,2021,44201,0.043359999999999996
Colusa,colusa,06,011,2021,44201,0.035435999999999995
Contra Costa,contra costa,06,013,2021,44201,0.03709325
El Dorado,el dorado,06,017,2021,44201,0.05141182142857143
Fresno,fresno,06,019,2021,44201,0.04671389285714286
Glenn,glenn,06,021,2021,44201,0.03998675
Humboldt,humboldt,06,023,2021,44201,0.027554750000000003
Imperial,imperial,06,025,2021,44201,0.041031187499999996
Inyo,inyo,06,027,2021,44201,0.046189499999999994
Kern,kern,06,029,2021,44201,0.049061625
Kings,kings,06,031,2021,44201,0.043365375
Lake,lake,06,033,2021,44201,0.03584516666666666
Los Angeles,los angeles,06,037,2021,44201,0.047718642857142855
Madera,madera,06,039,2021,44201,0.047517875
Marin,marin,06,041,2021,44201,0.03266575
Mariposa,mariposa,06,043,2021,44201,0.05359375
Mendocino,mendocino,06,045,2021,44201,0.03453075
Merced,merced,06,047,2021,44201,0.048718000000000004
Monterey,monterey,06,053,2021,44201,0.03594575
Napa,napa,06,055,2021,44201,0.03882125
Nevada,nevada,06,057,2021,44201,0.05171425
Orange,orange,06,059,2021,44201,0.04446250000000001
Placer,placer,06,061,2021,44201,0.046661299999999996
Riverside,riverside,06,065,2021,44201,0.052835171875
Sacramento,sacramento,06,067,2021,44201,0.042737124999999994
San Benito,san benito,06,069,2021,44201,0.041007375
San Bernardino,san bernardino,06,071,2021,44201,0.056150272727272715
San Diego,san diego,06,073,2021,44201,0.04442709375
San Francisco,san francisco,06,075,2021,44201,0.0333125
San Joaquin,san joaquin,06,077,2021,44201,0.03435358333333333
San Luis Obispo,san luis obispo,06,079,2021,44201,0.04054392857142857
San Mateo,san mateo,06,081,2021,44201,0.033616
Santa Barbara,santa barbara,06,083,2021,44201,0.0356073888888889
Santa Clara,santa clara,06,085,2021,44201,0.038664
Santa Cruz,santa cruz,06,087,2021,44201,0.03451825
Shasta,shasta,06,089,2021,44201,0.042375875
Siskiyou,siskiyou,06,093,2021,44201,0.039117250000000006
Solano,solano,06,095,2021,44201,0.036895583333333336
Sonoma,sonoma,06,097,2021,44201,0.031581
Stanislaus,stanislaus,06,099,2021,44201,0.045782875
Sutter,sutter,06,101,2021,44201,0.04773675
Tehama,tehama,06,103,2021,44201,0.05079225
Tulare,tulare,06,107,2021,44201,0.055979375
Tuolumne,tuolumne,06,109,2021,44201,0.04383075
Ventura,ventura,06,111,2021,44201,0.04603165
Yolo,yolo,06,113,2021,44201,0.039954875
